node_id	coding	meaning	parent_id	depth	top_branch_id	top_branch_code	selectable
90	Chapter IX	Chapter IX Diseases of the circulatory system	0	0	90	Chapter IX	N
1130	Block I00-I02	I00-I02 Acute rheumatic fever	90	1	1130	Block I00-I02	N
1140	Block I05-I09	I05-I09 Chronic rheumatic heart diseases	90	1	1140	Block I05-I09	N
1150	Block I10-I15	I10-I15 Hypertensive diseases	90	1	1150	Block I10-I15	N
1160	Block I20-I25	I20-I25 Ischaemic heart diseases	90	1	1160	Block I20-I25	N
1170	Block I26-I28	I26-I28 Pulmonary heart disease and diseases of pulmonary circulation	90	1	1170	Block I26-I28	N
1180	Block I30-I52	I30-I52 Other forms of heart disease	90	1	1180	Block I30-I52	N
1190	Block I60-I69	I60-I69 Cerebrovascular diseases	90	1	1190	Block I60-I69	N
1200	Block I70-I79	I70-I79 Diseases of arteries, arterioles and capillaries	90	1	1200	Block I70-I79	N
1210	Block I80-I89	I80-I89 Diseases of veins, lymphatic vessels and lymph nodes, not elsewhere classified	90	1	1210	Block I80-I89	N
1220	Block I95-I99	I95-I99 Other and unspecified disorders of the circulatory system	90	1	1220	Block I95-I99	N
40110	I00	I00 Rheumatic fever without mention of heart involvement	1130	2	1130	Block I00-I02	Y
40120	I01	I01 Rheumatic fever with heart involvement	1130	2	1130	Block I00-I02	Y
40180	I02	I02 Rheumatic chorea	1130	2	1130	Block I00-I02	Y
40210	I05	I05 Rheumatic mitral valve diseases	1140	2	1140	Block I05-I09	Y
40270	I06	I06 Rheumatic aortic valve diseases	1140	2	1140	Block I05-I09	Y
40330	I07	I07 Rheumatic tricuspid valve diseases	1140	2	1140	Block I05-I09	Y
40390	I08	I08 Multiple valve diseases	1140	2	1140	Block I05-I09	Y
40460	I09	I09 Other rheumatic heart diseases	1140	2	1140	Block I05-I09	Y
40520	I10	I10 Essential (primary) hypertension	1150	2	1150	Block I10-I15	Y
40530	I11	I11 Hypertensive heart disease	1150	2	1150	Block I10-I15	Y
40560	I12	I12 Hypertensive renal disease	1150	2	1150	Block I10-I15	Y
40590	I13	I13 Hypertensive heart and renal disease	1150	2	1150	Block I10-I15	Y
40640	I15	I15 Secondary hypertension	1150	2	1150	Block I10-I15	Y
40700	I20	I20 Angina pectoris	1160	2	1160	Block I20-I25	Y
40750	I21	I21 Acute myocardial infarction	1160	2	1160	Block I20-I25	Y
40830	I22	I22 Subsequent myocardial infarction	1160	2	1160	Block I20-I25	Y
40880	I23	I23 Certain current complications following acute myocardial infarction	1160	2	1160	Block I20-I25	Y
40970	I24	I24 Other acute ischaemic heart diseases	1160	2	1160	Block I20-I25	Y
41020	I25	I25 Chronic ischaemic heart disease	1160	2	1160	Block I20-I25	Y
41120	I26	I26 Pulmonary embolism	1170	2	1170	Block I26-I28	Y
41150	I27	I27 Other pulmonary heart diseases	1170	2	1170	Block I26-I28	Y
41210	I28	I28 Other diseases of pulmonary vessels	1170	2	1170	Block I26-I28	Y
41260	I30	I30 Acute pericarditis	1180	2	1180	Block I30-I52	Y
41310	I31	I31 Other diseases of pericardium	1180	2	1180	Block I30-I52	Y
41380	I32	I32 Pericarditis in diseases classified elsewhere	1180	2	1180	Block I30-I52	Y
41420	I33	I33 Acute and subacute endocarditis	1180	2	1180	Block I30-I52	Y
41450	I34	I34 Nonrheumatic mitral valve disorders	1180	2	1180	Block I30-I52	Y
41510	I35	I35 Nonrheumatic aortic valve disorders	1180	2	1180	Block I30-I52	Y
41570	I36	I36 Nonrheumatic tricuspid valve disorders	1180	2	1180	Block I30-I52	Y
41630	I37	I37 Pulmonary valve disorders	1180	2	1180	Block I30-I52	Y
41690	I38	I38 Endocarditis, valve unspecified	1180	2	1180	Block I30-I52	Y
41700	I39	I39 Endocarditis and heart valve disorders in diseases classified elsewhere	1180	2	1180	Block I30-I52	Y
41770	I40	I40 Acute myocarditis	1180	2	1180	Block I30-I52	Y
41820	I41	I41 Myocarditis in diseases classified elsewhere	1180	2	1180	Block I30-I52	Y
41870	I42	I42 Cardiomyopathy	1180	2	1180	Block I30-I52	Y
41980	I43	I43 Cardiomyopathy in diseases classified elsewhere	1180	2	1180	Block I30-I52	Y
42030	I44	I44 Atrioventricular and left bundle-branch block	1180	2	1180	Block I30-I52	Y
42120	I45	I45 Other conduction disorders	1180	2	1180	Block I30-I52	Y
42220	I46	I46 Cardiac arrest	1180	2	1180	Block I30-I52	Y
42260	I47	I47 Paroxysmal tachycardia	1180	2	1180	Block I30-I52	Y
42310	I48	I48 Atrial fibrillation and flutter	1180	2	1180	Block I30-I52	Y
42380	I49	I49 Other cardiac arrhythmias	1180	2	1180	Block I30-I52	Y
42470	I50	I50 Heart failure	1180	2	1180	Block I30-I52	Y
42510	I51	I51 Complications and ill-defined descriptions of heart disease	1180	2	1180	Block I30-I52	Y
42620	I52	I52 Other heart disorders in diseases classified elsewhere	1180	2	1180	Block I30-I52	Y
42660	I60	I60 Subarachnoid haemorrhage	1190	2	1190	Block I60-I69	Y
42770	I61	I61 Intracerebral haemorrhage	1190	2	1190	Block I60-I69	Y
42870	I62	I62 Other nontraumatic intracranial haemorrhage	1190	2	1190	Block I60-I69	Y
42910	I63	I63 Cerebral infarction	1190	2	1190	Block I60-I69	Y
43010	I64	I64 Stroke, not specified as haemorrhage or infarction	1190	2	1190	Block I60-I69	Y
43020	I65	I65 Occlusion and stenosis of precerebral arteries, not resulting in cerebral infarction	1190	2	1190	Block I60-I69	Y
43090	I66	I66 Occlusion and stenosis of cerebral arteries, not resulting in cerebral infarction	1190	2	1190	Block I60-I69	Y
43170	I67	I67 Other cerebrovascular diseases	1190	2	1190	Block I60-I69	Y
43280	I68	I68 Cerebrovascular disorders in diseases classified elsewhere	1190	2	1190	Block I60-I69	Y
43330	I69	I69 Sequelae of cerebrovascular disease	1190	2	1190	Block I60-I69	Y
43400	I70	I70 Atherosclerosis	1200	2	1200	Block I70-I79	Y
43560	I71	I71 Aortic aneurysm and dissection	1200	2	1200	Block I70-I79	Y
43660	I72	I72 Other aneurysm	1200	2	1200	Block I70-I79	Y
43760	I73	I73 Other peripheral vascular diseases	1200	2	1200	Block I70-I79	Y
43810	I74	I74 Arterial embolism and thrombosis	1200	2	1200	Block I70-I79	Y
43900	I77	I77 Other disorders of arteries and arterioles	1200	2	1200	Block I70-I79	Y
44000	I78	I78 Diseases of capillaries	1200	2	1200	Block I70-I79	Y
44050	I79	I79 Disorders of arteries, arterioles and capillaries in diseases classified elsewhere	1200	2	1200	Block I70-I79	Y
44100	I80	I80 Phlebitis and thrombophlebitis	1210	2	1210	Block I80-I89	Y
44170	I81	I81 Portal vein thrombosis	1210	2	1210	Block I80-I89	Y
44180	I82	I82 Other venous embolism and thrombosis	1210	2	1210	Block I80-I89	Y
44250	I83	I83 Varicose veins of lower extremities	1210	2	1210	Block I80-I89	Y
44300	I84	I84 Haemorrhoids	1210	2	1210	Block I80-I89	Y
44410	I85	I85 Oesophageal varices	1210	2	1210	Block I80-I89	Y
44440	I86	I86 Varicose veins of other sites	1210	2	1210	Block I80-I89	Y
44510	I87	I87 Other disorders of veins	1210	2	1210	Block I80-I89	Y
44570	I88	I88 Nonspecific lymphadenitis	1210	2	1210	Block I80-I89	Y
44620	I89	I89 Other non-infective disorders of lymphatic vessels and lymph nodes	1210	2	1210	Block I80-I89	Y
44670	I95	I95 Hypotension	1220	2	1220	Block I95-I99	Y
44730	I97	I97 Postprocedural disorders of circulatory system, not elsewhere classified	1220	2	1220	Block I95-I99	Y
44790	I98	I98 Other disorders of circulatory system in diseases classified elsewhere	1220	2	1220	Block I95-I99	Y
44850	I99	I99 Other and unspecified disorders of circulatory system	1220	2	1220	Block I95-I99	Y
40130	I010	I01.0 Acute rheumatic pericarditis	40120	3	1130	Block I00-I02	Y
40140	I011	I01.1 Acute rheumatic endocarditis	40120	3	1130	Block I00-I02	Y
40150	I012	I01.2 Acute rheumatic myocarditis	40120	3	1130	Block I00-I02	Y
40160	I018	I01.8 Other acute rheumatic heart disease	40120	3	1130	Block I00-I02	Y
40170	I019	I01.9 Acute rheumatic heart disease, unspecified	40120	3	1130	Block I00-I02	Y
40190	I020	I02.0 Rheumatic chorea with heart involvement	40180	3	1130	Block I00-I02	Y
40200	I029	I02.9 Rheumatic chorea without heart involvement	40180	3	1130	Block I00-I02	Y
40220	I050	I05.0 Mitral stenosis	40210	3	1140	Block I05-I09	Y
40230	I051	I05.1 Rheumatic mitral insufficiency	40210	3	1140	Block I05-I09	Y
40240	I052	I05.2 Mitral stenosis with insufficiency	40210	3	1140	Block I05-I09	Y
40250	I058	I05.8 Other mitral valve diseases	40210	3	1140	Block I05-I09	Y
40260	I059	I05.9 Mitral valve disease, unspecified	40210	3	1140	Block I05-I09	Y
40280	I060	I06.0 Rheumatic aortic stenosis	40270	3	1140	Block I05-I09	Y
40290	I061	I06.1 Rheumatic aortic insufficiency	40270	3	1140	Block I05-I09	Y
40300	I062	I06.2 Rheumatic aortic stenosis with insufficiency	40270	3	1140	Block I05-I09	Y
40310	I068	I06.8 Other rheumatic aortic valve diseases	40270	3	1140	Block I05-I09	Y
40320	I069	I06.9 Rheumatic aortic valve disease, unspecified	40270	3	1140	Block I05-I09	Y
40340	I070	I07.0 Tricuspid stenosis	40330	3	1140	Block I05-I09	Y
40350	I071	I07.1 Tricuspid insufficiency	40330	3	1140	Block I05-I09	Y
40360	I072	I07.2 Tricuspid stenosis with insufficiency	40330	3	1140	Block I05-I09	Y
40370	I078	I07.8 Other tricuspid valve diseases	40330	3	1140	Block I05-I09	Y
40380	I079	I07.9 Tricuspid valve disease, unspecified	40330	3	1140	Block I05-I09	Y
40400	I080	I08.0 Disorders of both mitral and aortic valves	40390	3	1140	Block I05-I09	Y
40410	I081	I08.1 Disorders of both mitral and tricuspid valves	40390	3	1140	Block I05-I09	Y
40420	I082	I08.2 Disorders of both aortic and tricuspid valves	40390	3	1140	Block I05-I09	Y
40430	I083	I08.3 Combined disorders of mitral, aortic and tricuspid valves	40390	3	1140	Block I05-I09	Y
40440	I088	I08.8 Other multiple valve diseases	40390	3	1140	Block I05-I09	Y
40450	I089	I08.9 Multiple valve disease, unspecified	40390	3	1140	Block I05-I09	Y
40470	I090	I09.0 Rheumatic myocarditis	40460	3	1140	Block I05-I09	Y
40480	I091	I09.1 Rheumatic diseases of endocardium, valve unspecified	40460	3	1140	Block I05-I09	Y
40490	I092	I09.2 Chronic rheumatic pericarditis	40460	3	1140	Block I05-I09	Y
40500	I098	I09.8 Other specified rheumatic heart diseases	40460	3	1140	Block I05-I09	Y
40510	I099	I09.9 Rheumatic heart disease, unspecified	40460	3	1140	Block I05-I09	Y
40540	I110	I11.0 Hypertensive heart disease with (congestive) heart failure	40530	3	1150	Block I10-I15	Y
40550	I119	I11.9 Hypertensive heart disease without (congestive) heart failure	40530	3	1150	Block I10-I15	Y
40570	I120	I12.0 Hypertensive renal disease with renal failure	40560	3	1150	Block I10-I15	Y
40580	I129	I12.9 Hypertensive renal disease without renal failure	40560	3	1150	Block I10-I15	Y
40600	I130	I13.0 Hypertensive heart and renal disease with (congestive) heart failure	40590	3	1150	Block I10-I15	Y
40610	I131	I13.1 Hypertensive heart and renal disease with renal failure	40590	3	1150	Block I10-I15	Y
40620	I132	I13.2 Hypertensive heart and renal disease with both (congestive) heart failure and renal failure	40590	3	1150	Block I10-I15	Y
40630	I139	I13.9 Hypertensive heart and renal disease, unspecified	40590	3	1150	Block I10-I15	Y
40650	I150	I15.0 Renovascular hypertension	40640	3	1150	Block I10-I15	Y
40660	I151	I15.1 Hypertension secondary to other renal disorders	40640	3	1150	Block I10-I15	Y
40670	I152	I15.2 Hypertension secondary to endocrine disorders	40640	3	1150	Block I10-I15	Y
40680	I158	I15.8 Other secondary hypertension	40640	3	1150	Block I10-I15	Y
40690	I159	I15.9 Seconday hypertension, unspecified	40640	3	1150	Block I10-I15	Y
40710	I200	I20.0 Unstable angina	40700	3	1160	Block I20-I25	Y
40720	I201	I20.1 Angina pectoris with documented spasm	40700	3	1160	Block I20-I25	Y
40730	I208	I20.8 Other forms of angina pectoris	40700	3	1160	Block I20-I25	Y
40740	I209	I20.9 Angina pectoris, unspecified	40700	3	1160	Block I20-I25	Y
40760	I210	I21.0 Acute transmural myocardial infarction of anterior wall	40750	3	1160	Block I20-I25	Y
40770	I211	I21.1 Acute transmural myocardial infarction of inferior wall	40750	3	1160	Block I20-I25	Y
40780	I212	I21.2 Acute transmural myocardial infarction of other sites	40750	3	1160	Block I20-I25	Y
40790	I213	I21.3 Acute transmural myocardial infarction of unspecified site	40750	3	1160	Block I20-I25	Y
40800	I214	I21.4 Acute subendocardial myocardial infarction	40750	3	1160	Block I20-I25	Y
40810	I219	I21.9 Acute myocardial infarction, unspecified	40750	3	1160	Block I20-I25	Y
40820	I21X	I21.X Presumed acute myicardial infaction (unconfirmed)	40750	3	1160	Block I20-I25	Y
40840	I220	I22.0 Subsequent myocardial infarction of anterior wall	40830	3	1160	Block I20-I25	Y
40850	I221	I22.1 Subsequent myocardial infarction of inferior wall	40830	3	1160	Block I20-I25	Y
40860	I228	I22.8 Subsequent myocardial infarction of other sites	40830	3	1160	Block I20-I25	Y
40870	I229	I22.9 Subsequent myocardial infarction of unspecified site	40830	3	1160	Block I20-I25	Y
40890	I230	I23.0 Haemopericardium as current complication following acute myocardial infarction	40880	3	1160	Block I20-I25	Y
40900	I231	I23.1 Atrial septal defect as current complication following acute myocardial infarction	40880	3	1160	Block I20-I25	Y
40910	I232	I23.2 Ventricular septal defect as current complication following acute myocardial infarction	40880	3	1160	Block I20-I25	Y
40920	I233	I23.3 Rupture of cardiac wall without haemopericardium as current complication following acute myocardial infarction	40880	3	1160	Block I20-I25	Y
40930	I234	I23.4 Rupture of chordae tendineae as current complication following acute myocardial infarction	40880	3	1160	Block I20-I25	Y
40940	I235	I23.5 Rupture of papillary muscle as current complication following acute myocardial infarction	40880	3	1160	Block I20-I25	Y
40950	I236	I23.6 Thrombosis of atrium, auricular appendage and ventricle as current complications following acute myocardial infarction	40880	3	1160	Block I20-I25	Y
40960	I238	I23.8 Other current complications following acute myocardial infarction	40880	3	1160	Block I20-I25	Y
40980	I240	I24.0 Coronary thrombosis not resulting in myocardial infarction	40970	3	1160	Block I20-I25	Y
40990	I241	I24.1 Dressler's syndrome	40970	3	1160	Block I20-I25	Y
41000	I248	I24.8 Other forms of acute ischaemic heart disease	40970	3	1160	Block I20-I25	Y
41010	I249	I24.9 Acute ischaemic heart disease, unspecified	40970	3	1160	Block I20-I25	Y
41030	I250	I25.0 Atherosclerotic cardiovascular disease, so described	41020	3	1160	Block I20-I25	Y
41040	I251	I25.1 Atherosclerotic heart disease	41020	3	1160	Block I20-I25	Y
41050	I252	I25.2 Old myocardial infarction	41020	3	1160	Block I20-I25	Y
41060	I253	I25.3 Aneurysm of heart	41020	3	1160	Block I20-I25	Y
41070	I254	I25.4 Coronary artery aneurysm	41020	3	1160	Block I20-I25	Y
41080	I255	I25.5 Ischaemic cardiomyopathy	41020	3	1160	Block I20-I25	Y
41090	I256	I25.6 Silent myocardial ischaemia	41020	3	1160	Block I20-I25	Y
41100	I258	I25.8 Other forms of chronic ischaemic heart disease	41020	3	1160	Block I20-I25	Y
41110	I259	I25.9 Chronic ischaemic heart disease, unspecified	41020	3	1160	Block I20-I25	Y
41130	I260	I26.0 Pulmonary embolism with mention of acute cor pulmonale	41120	3	1170	Block I26-I28	Y
41140	I269	I26.9 Pulmonary embolism without mention of acute cor pulmonale	41120	3	1170	Block I26-I28	Y
41160	I270	I27.0 Primary pulmonary hypertension	41150	3	1170	Block I26-I28	Y
41170	I271	I27.1 Kyphoscoliotic heart disease	41150	3	1170	Block I26-I28	Y
41180	I272	I27.2 Other secondary pulmonary hypertension	41150	3	1170	Block I26-I28	Y
41190	I278	I27.8 Other specified pulmonary heart diseases	41150	3	1170	Block I26-I28	Y
41200	I279	I27.9 Pulmonary heart disease, unspecified	41150	3	1170	Block I26-I28	Y
41220	I280	I28.0 Arteriovenous fistula of pulmonary vessels	41210	3	1170	Block I26-I28	Y
41230	I281	I28.1 Aneurysm of pulmonary artery	41210	3	1170	Block I26-I28	Y
41240	I288	I28.8 Other specified diseases of pulmonary vessels	41210	3	1170	Block I26-I28	Y
41250	I289	I28.9 Disease of pulmonary vessels, unspecified	41210	3	1170	Block I26-I28	Y
41270	I300	I30.0 Acute nonspecific idiopathic pericarditis	41260	3	1180	Block I30-I52	Y
41280	I301	I30.1 Infective pericarditis	41260	3	1180	Block I30-I52	Y
41290	I308	I30.8 Other forms of acute pericarditis	41260	3	1180	Block I30-I52	Y
41300	I309	I30.9 Acute pericarditis, unspecified	41260	3	1180	Block I30-I52	Y
41320	I310	I31.0 Chronic adhesive pericarditis	41310	3	1180	Block I30-I52	Y
41330	I311	I31.1 Chronic constrictive pericarditis	41310	3	1180	Block I30-I52	Y
41340	I312	I31.2 Haemopericardium, not elsewhere classified	41310	3	1180	Block I30-I52	Y
41350	I313	I31.3 Pericardial effusion (noninflammatory)	41310	3	1180	Block I30-I52	Y
41360	I318	I31.8 Other specified diseases of pericardium	41310	3	1180	Block I30-I52	Y
41370	I319	I31.9 Disease of pericardium, unspecified	41310	3	1180	Block I30-I52	Y
41390	I320	I32.0 Pericarditis in bacterial diseases classified elsewhere	41380	3	1180	Block I30-I52	Y
41400	I321	I32.1 Pericarditis in other infectious and parasitic diseases classified elsewhere	41380	3	1180	Block I30-I52	Y
41410	I328	I32.8 Pericarditis in other diseases classified elsewhere	41380	3	1180	Block I30-I52	Y
41430	I330	I33.0 Acute and subacute infective endocarditis	41420	3	1180	Block I30-I52	Y
41440	I339	I33.9 Acute endocarditis, unspecified	41420	3	1180	Block I30-I52	Y
41460	I340	I34.0 Mitral (valve) insufficiency	41450	3	1180	Block I30-I52	Y
41470	I341	I34.1 Mitral (valve) prolapse	41450	3	1180	Block I30-I52	Y
41480	I342	I34.2 Nonrheumatic mitral (valve) stenosis	41450	3	1180	Block I30-I52	Y
41490	I348	I34.8 Other nonrheumatic mitral valve disorders	41450	3	1180	Block I30-I52	Y
41500	I349	I34.9 Nonrheumatic mitral valve disorder, unspecified	41450	3	1180	Block I30-I52	Y
41520	I350	I35.0 Aortic (valve) stenosis	41510	3	1180	Block I30-I52	Y
41530	I351	I35.1 Aortic (valve) insufficiency	41510	3	1180	Block I30-I52	Y
41540	I352	I35.2 Aortic (valve) stenosis with insufficiency	41510	3	1180	Block I30-I52	Y
41550	I358	I35.8 Other aortic valve disorders	41510	3	1180	Block I30-I52	Y
41560	I359	I35.9 Aortic valve disorder, unspecified	41510	3	1180	Block I30-I52	Y
41580	I360	I36.0 Nonrheumatic tricuspid (valve) stenosis	41570	3	1180	Block I30-I52	Y
41590	I361	I36.1 Nonrheumatic tricuspid (valve) insufficiency	41570	3	1180	Block I30-I52	Y
41600	I362	I36.2 Nonrheumatic tricuspid (valve) stenosis with insufficiency	41570	3	1180	Block I30-I52	Y
41610	I368	I36.8 Other nonrheumatic tricuspid valve disorders	41570	3	1180	Block I30-I52	Y
41620	I369	I36.9 Nonrheumatic tricuspid valve disorder, unspecified	41570	3	1180	Block I30-I52	Y
41640	I370	I37.0 Pulmonary valve stenosis	41630	3	1180	Block I30-I52	Y
41650	I371	I37.1 Pulmonary valve insufficiency	41630	3	1180	Block I30-I52	Y
41660	I372	I37.2 Pulmonary valve stenosis with insufficiency	41630	3	1180	Block I30-I52	Y
41670	I378	I37.8 Other pulmonary valve disorders	41630	3	1180	Block I30-I52	Y
41680	I379	I37.9 Pulmonary valve disorder, unspecified	41630	3	1180	Block I30-I52	Y
41710	I390	I39.0 Mitral valve disorders in diseases classified elsewhere	41700	3	1180	Block I30-I52	Y
41720	I391	I39.1 Aortic valve disorders in diseases classified elsewhere	41700	3	1180	Block I30-I52	Y
41730	I392	I39.2 Tricuspid valve disorders in diseases classified elsewhere	41700	3	1180	Block I30-I52	Y
41740	I393	I39.3 Pulmonary valve disorders in diseases classified elsewhere	41700	3	1180	Block I30-I52	Y
41750	I394	I39.4 Multiple valve disorders in diseases classified elsewhere	41700	3	1180	Block I30-I52	Y
41760	I398	I39.8 Endocarditis, valve unspecified, in diseases classified elsewhere	41700	3	1180	Block I30-I52	Y
41780	I400	I40.0 Infective myocarditis	41770	3	1180	Block I30-I52	Y
41790	I401	I40.1 Isolated myocarditis	41770	3	1180	Block I30-I52	Y
41800	I408	I40.8 Other acute myocarditis	41770	3	1180	Block I30-I52	Y
41810	I409	I40.9 Acute myocarditis, unspecified	41770	3	1180	Block I30-I52	Y
41830	I410	I41.0 Myocarditis in bacterial diseases classified elsewhere	41820	3	1180	Block I30-I52	Y
41840	I411	I41.1 Myocarditis in viral diseases classified elsewhere	41820	3	1180	Block I30-I52	Y
41850	I412	I41.2 Myocarditis in other infectious and parasitic diseases classified elsewhere	41820	3	1180	Block I30-I52	Y
41860	I418	I41.8 Myocarditis in other diseases classified elsewhere	41820	3	1180	Block I30-I52	Y
41880	I420	I42.0 Dilated cardiomyopathy	41870	3	1180	Block I30-I52	Y
41890	I421	I42.1 Obstructive hypertrophic cardiomyopathy	41870	3	1180	Block I30-I52	Y
41900	I422	I42.2 Other hypertrophic cardiomyopathy	41870	3	1180	Block I30-I52	Y
41910	I423	I42.3 Endomyocardial (eosinophilic) disease	41870	3	1180	Block I30-I52	Y
41920	I424	I42.4 Endocardial fibroelastosis	41870	3	1180	Block I30-I52	Y
41930	I425	I42.5 Other restrictive cardiomyopathy	41870	3	1180	Block I30-I52	Y
41940	I426	I42.6 Alcoholic cardiomyopathy	41870	3	1180	Block I30-I52	Y
41950	I427	I42.7 Cardiomyopathy due to drugs and other external agents	41870	3	1180	Block I30-I52	Y
41960	I428	I42.8 Other cardiomyopathies	41870	3	1180	Block I30-I52	Y
41970	I429	I42.9 Cardiomyopathy, unspecified	41870	3	1180	Block I30-I52	Y
41990	I430	I43.0 Cardiomyopathy in infectious and parasitic diseases classified elsewhere	41980	3	1180	Block I30-I52	Y
42000	I431	I43.1 Cardiomyopathy in metabolic diseases	41980	3	1180	Block I30-I52	Y
42010	I432	I43.2 Cardiomyopathy in nutritional diseases	41980	3	1180	Block I30-I52	Y
42020	I438	I43.8 Cardiomyopathy in other diseases classified elsewhere	41980	3	1180	Block I30-I52	Y
42040	I440	I44.0 Atrioventricular block, first degree	42030	3	1180	Block I30-I52	Y
42050	I441	I44.1 Atrioventricular block, second degree	42030	3	1180	Block I30-I52	Y
42060	I442	I44.2 Atrioventricular block, complete	42030	3	1180	Block I30-I52	Y
42070	I443	I44.3 Other and unspecified atrioventricular block	42030	3	1180	Block I30-I52	Y
42080	I444	I44.4 Left anterior fascicular block	42030	3	1180	Block I30-I52	Y
42090	I445	I44.5 Left posterior fascicular block	42030	3	1180	Block I30-I52	Y
42100	I446	I44.6 Other and unspecified fascicular block	42030	3	1180	Block I30-I52	Y
42110	I447	I44.7 Left bundle-branch block, unspecified	42030	3	1180	Block I30-I52	Y
42130	I450	I45.0 Right fascicular block	42120	3	1180	Block I30-I52	Y
42140	I451	I45.1 Other and unspecified right bundle-branch block	42120	3	1180	Block I30-I52	Y
42150	I452	I45.2 Bifascicular block	42120	3	1180	Block I30-I52	Y
42160	I453	I45.3 Trifascicular block	42120	3	1180	Block I30-I52	Y
42170	I454	I45.4 Nonspecific intraventricular block	42120	3	1180	Block I30-I52	Y
42180	I455	I45.5 Other specified heart block	42120	3	1180	Block I30-I52	Y
42190	I456	I45.6 Preexcitation syndrome	42120	3	1180	Block I30-I52	Y
42200	I458	I45.8 Other specified conduction disorders	42120	3	1180	Block I30-I52	Y
42210	I459	I45.9 Conduction disorder, unspecified	42120	3	1180	Block I30-I52	Y
42230	I460	I46.0 Cardiac arrest with successful resuscitation	42220	3	1180	Block I30-I52	Y
42240	I461	I46.1 Sudden cardiac death, so described	42220	3	1180	Block I30-I52	Y
42250	I469	I46.9 Cardiac arrest, unspecified	42220	3	1180	Block I30-I52	Y
42270	I470	I47.0 Reentry ventricular arrhythmia	42260	3	1180	Block I30-I52	Y
42280	I471	I47.1 Supraventricular tachycardia	42260	3	1180	Block I30-I52	Y
42290	I472	I47.2 Ventricular tachycardia	42260	3	1180	Block I30-I52	Y
42300	I479	I47.9 Paroxysmal tachycardia, unspecified	42260	3	1180	Block I30-I52	Y
42320	I480	I48.0 Paroxysmal atrial fibrillation	42310	3	1180	Block I30-I52	Y
42330	I481	I48.1 Persistent atrial fibrillation	42310	3	1180	Block I30-I52	Y
42340	I482	I48.2 Chronic atrial fibrillation	42310	3	1180	Block I30-I52	Y
42350	I483	I48.3 Typical atrial flutter	42310	3	1180	Block I30-I52	Y
42360	I484	I48.4 Atypical atrial flutter	42310	3	1180	Block I30-I52	Y
42370	I489	I48.9 Atrial fibrillation and atrial flutter,  unspecified	42310	3	1180	Block I30-I52	Y
42390	I490	I49.0 Ventricular fibrillation and flutter	42380	3	1180	Block I30-I52	Y
42400	I491	I49.1 Atrial premature depolarisation	42380	3	1180	Block I30-I52	Y
42410	I492	I49.2 Junctional premature depolarisation	42380	3	1180	Block I30-I52	Y
42420	I493	I49.3 Ventricular premature depolarisation	42380	3	1180	Block I30-I52	Y
42430	I494	I49.4 Other and unspecified premature depolarisation	42380	3	1180	Block I30-I52	Y
42440	I495	I49.5 Sick sinus syndrome	42380	3	1180	Block I30-I52	Y
42450	I498	I49.8 Other specified cardiac arrhythmias	42380	3	1180	Block I30-I52	Y
42460	I499	I49.9 Cardiac arrhythmia, unspecified	42380	3	1180	Block I30-I52	Y
42480	I500	I50.0 Congestive heart failure	42470	3	1180	Block I30-I52	Y
42490	I501	I50.1 Left ventricular failure	42470	3	1180	Block I30-I52	Y
42500	I509	I50.9 Heart failure, unspecified	42470	3	1180	Block I30-I52	Y
42520	I510	I51.0 Cardiac septal defect, acquired	42510	3	1180	Block I30-I52	Y
42530	I511	I51.1 Rupture of chordae tendineae, not elsewhere classified	42510	3	1180	Block I30-I52	Y
42540	I512	I51.2 Rupture of papillary muscle, not elsewhere classified	42510	3	1180	Block I30-I52	Y
42550	I513	I51.3 Intracardiac thrombosis, not elsewhere classified	42510	3	1180	Block I30-I52	Y
42560	I514	I51.4 Myocarditis, unspecified	42510	3	1180	Block I30-I52	Y
42570	I515	I51.5 Myocardial degeneration	42510	3	1180	Block I30-I52	Y
42580	I516	I51.6 Cardiovascular disease, unspecified	42510	3	1180	Block I30-I52	Y
42590	I517	I51.7 Cardiomegaly	42510	3	1180	Block I30-I52	Y
42600	I518	I51.8 Other ill-defined heart diseases	42510	3	1180	Block I30-I52	Y
42610	I519	I51.9 Heart disease, unspecified	42510	3	1180	Block I30-I52	Y
42630	I520	I52.0 Other heart disorders in bacterial diseases classified elsewhere	42620	3	1180	Block I30-I52	Y
42640	I521	I52.1 Other heart disorders in other infectious and parasitic diseases classified elsewhere	42620	3	1180	Block I30-I52	Y
42650	I528	I52.8 Other heart disorders in other diseases classified elsewhere	42620	3	1180	Block I30-I52	Y
42670	I600	I60.0 Subarachnoid haemorrhage from carotid siphon and bifurcation	42660	3	1190	Block I60-I69	Y
42680	I601	I60.1 Subarachnoid haemorrhage from middle cerebral artery	42660	3	1190	Block I60-I69	Y
42690	I602	I60.2 Subarachnoid haemorrhage from anterior communicating artery	42660	3	1190	Block I60-I69	Y
42700	I603	I60.3 Subarachnoid haemorrhage from posterior communicating artery	42660	3	1190	Block I60-I69	Y
42710	I604	I60.4 Subarachnoid haemorrhage from basilar artery	42660	3	1190	Block I60-I69	Y
42720	I605	I60.5 Subarachnoid haemorrhage from vertebral artery	42660	3	1190	Block I60-I69	Y
42730	I606	I60.6 Subarachnoid haemorrhage from other intracranial arteries	42660	3	1190	Block I60-I69	Y
42740	I607	I60.7 Subarachnoid haemorrhage from intracranial artery, unspecified	42660	3	1190	Block I60-I69	Y
42750	I608	I60.8 Other subarachnoid haemorrhage	42660	3	1190	Block I60-I69	Y
42760	I609	I60.9 Subarachnoid haemorrhage, unspecified	42660	3	1190	Block I60-I69	Y
42780	I610	I61.0 Intracerebral haemorrhage in hemisphere, subcortical	42770	3	1190	Block I60-I69	Y
42790	I611	I61.1 Intracerebral haemorrhage in hemisphere, cortical	42770	3	1190	Block I60-I69	Y
42800	I612	I61.2 Intracerebral haemorrhage in hemisphere, unspecified	42770	3	1190	Block I60-I69	Y
42810	I613	I61.3 Intracerebral haemorrhage in brain stem	42770	3	1190	Block I60-I69	Y
42820	I614	I61.4 Intracerebral haemorrhage in cerebellum	42770	3	1190	Block I60-I69	Y
42830	I615	I61.5 Intracerebral haemorrhage, intraventricular	42770	3	1190	Block I60-I69	Y
42840	I616	I61.6 Intracerebral haemorrhage, multiple localised	42770	3	1190	Block I60-I69	Y
42850	I618	I61.8 Other intracerebral haemorrhage	42770	3	1190	Block I60-I69	Y
42860	I619	I61.9 Intracerebral haemorrhage, unspecified	42770	3	1190	Block I60-I69	Y
42880	I620	I62.0 Subdural haemorrhage (acute) (nontraumatic)	42870	3	1190	Block I60-I69	Y
42890	I621	I62.1 Nontraumatic extradural haemorrhage	42870	3	1190	Block I60-I69	Y
42900	I629	I62.9 Intracranial haemorrhage (nontraumatic), unspecified	42870	3	1190	Block I60-I69	Y
42920	I630	I63.0 Cerebral infarction due to thrombosis of precerebral arteries	42910	3	1190	Block I60-I69	Y
42930	I631	I63.1 Cerebral infarction due to embolism of precerebral arteries	42910	3	1190	Block I60-I69	Y
42940	I632	I63.2 Cerebral infarction due to unspecified occlusion or stenosis of precerebral arteries	42910	3	1190	Block I60-I69	Y
42950	I633	I63.3 Cerebral infarction due to thrombosis of cerebral arteries	42910	3	1190	Block I60-I69	Y
42960	I634	I63.4 Cerebral infarction due to embolism of cerebral arteries	42910	3	1190	Block I60-I69	Y
42970	I635	I63.5 Cerebral infarction due to unspecified occlusion or stenosis of cerebral arteries	42910	3	1190	Block I60-I69	Y
42980	I636	I63.6 Cerebral infarction due to cerebral venous thrombosis, nonpyogenic	42910	3	1190	Block I60-I69	Y
42990	I638	I63.8 Other cerebral infarction	42910	3	1190	Block I60-I69	Y
43000	I639	I63.9 Cerebral infarction, unspecified	42910	3	1190	Block I60-I69	Y
43030	I650	I65.0 Occlusion and stenosis of vertebral artery	43020	3	1190	Block I60-I69	Y
43040	I651	I65.1 Occlusion and stenosis of basilar artery	43020	3	1190	Block I60-I69	Y
43050	I652	I65.2 Occlusion and stenosis of carotid artery	43020	3	1190	Block I60-I69	Y
43060	I653	I65.3 Occlusion and stenosis of multiple and bilateral precerebral arteries	43020	3	1190	Block I60-I69	Y
43070	I658	I65.8 Occlusion and stenosis of other precerebral artery	43020	3	1190	Block I60-I69	Y
43080	I659	I65.9 Occlusion and stenosis of unspecified precerebral artery	43020	3	1190	Block I60-I69	Y
43100	I660	I66.0 Occlusion and stenosis of middle cerebral artery	43090	3	1190	Block I60-I69	Y
43110	I661	I66.1 Occlusion and stenosis of anterior cerebral artery	43090	3	1190	Block I60-I69	Y
43120	I662	I66.2 Occlusion and stenosis of posterior cerebral artery	43090	3	1190	Block I60-I69	Y
43130	I663	I66.3 Occlusion and stenosis of cerebellar arteries	43090	3	1190	Block I60-I69	Y
43140	I664	I66.4 Occlusion and stenosis of multiple and bilateral cerebral arteries	43090	3	1190	Block I60-I69	Y
43150	I668	I66.8 Occlusion and stenosis of other cerebral artery	43090	3	1190	Block I60-I69	Y
43160	I669	I66.9 Occlusion and stenosis of unspecified cerebral artery	43090	3	1190	Block I60-I69	Y
43180	I670	I67.0 Dissection of cerebral arteries, nonruptured	43170	3	1190	Block I60-I69	Y
43190	I671	I67.1 Cerebral aneurysm, nonruptured	43170	3	1190	Block I60-I69	Y
43200	I672	I67.2 Cerebral atherosclerosis	43170	3	1190	Block I60-I69	Y
43210	I673	I67.3 Progressive vascular leukoencephalopathy	43170	3	1190	Block I60-I69	Y
43220	I674	I67.4 Hypertensive encephalopathy	43170	3	1190	Block I60-I69	Y
43230	I675	I67.5 Moyamoya disease	43170	3	1190	Block I60-I69	Y
43240	I676	I67.6 Nonpyogenic thrombosis of intracranial venous system	43170	3	1190	Block I60-I69	Y
43250	I677	I67.7 Cerebral arteritis, not elsewhere classified	43170	3	1190	Block I60-I69	Y
43260	I678	I67.8 Other specified cerebrovascular diseases	43170	3	1190	Block I60-I69	Y
43270	I679	I67.9 Cerebrovascular disease, unspecified	43170	3	1190	Block I60-I69	Y
43290	I680	I68.0 Cerebral amyloid angiopathy	43280	3	1190	Block I60-I69	Y
43300	I681	I68.1 Cerebral arteritis in infectious and parasitic diseases classified elsewhere	43280	3	1190	Block I60-I69	Y
43310	I682	I68.2 Cerebral arteritis in other diseases classified elsewhere	43280	3	1190	Block I60-I69	Y
43320	I688	I68.8 Other cerebrovascular disorders in diseases classified elsewhere	43280	3	1190	Block I60-I69	Y
43340	I690	I69.0 Sequelae of subarachnoid haemorrhage	43330	3	1190	Block I60-I69	Y
43350	I691	I69.1 Sequelae of intracerebral haemorrhage	43330	3	1190	Block I60-I69	Y
43360	I692	I69.2 Sequelae of other nontraumatic intracranial haemorrhage	43330	3	1190	Block I60-I69	Y
43370	I693	I69.3 Sequelae of cerebral infarction	43330	3	1190	Block I60-I69	Y
43380	I694	I69.4 Sequelae of stroke, not specified as haemorrhage or infarction	43330	3	1190	Block I60-I69	Y
43390	I698	I69.8 Sequelae of other and unspecified cerebrovascular diseases	43330	3	1190	Block I60-I69	Y
43410	I700	I70.0 Atherosclerosis of aorta	43400	3	1200	Block I70-I79	Y
43440	I701	I70.1 Atherosclerosis of renal artery	43400	3	1200	Block I70-I79	Y
43470	I702	I70.2 Atherosclerosis of arteries of the extremities	43400	3	1200	Block I70-I79	Y
43500	I708	I70.8 Atherosclerosis of other arteries	43400	3	1200	Block I70-I79	Y
43530	I709	I70.9 Generalised and unspecified atherosclerosis	43400	3	1200	Block I70-I79	Y
43570	I710	I71.0 Dissection of aorta [any part]	43560	3	1200	Block I70-I79	Y
43580	I711	I71.1 Thoracic aortic aneurysm, ruptured	43560	3	1200	Block I70-I79	Y
43590	I712	I71.2 Thoracic aortic aneurysm, without mention of rupture	43560	3	1200	Block I70-I79	Y
43600	I713	I71.3 Abdominal aortic aneurysm, ruptured	43560	3	1200	Block I70-I79	Y
43610	I714	I71.4 Abdominal aortic aneurysm, without mention of rupture	43560	3	1200	Block I70-I79	Y
43620	I715	I71.5 Thoracoabdominal aortic aneurysm, ruptured	43560	3	1200	Block I70-I79	Y
43630	I716	I71.6 Thoracoabdominal aortic aneurysm, without mention of rupture	43560	3	1200	Block I70-I79	Y
43640	I718	I71.8 Aortic aneurysm of unspecified site, ruptured	43560	3	1200	Block I70-I79	Y
43650	I719	I71.9 Aortic aneurysm of unspecified site, without mention of rupture	43560	3	1200	Block I70-I79	Y
43670	I720	I72.0 Aneurysm of carotid artery	43660	3	1200	Block I70-I79	Y
43680	I721	I72.1 Aneurysm of artery of upper extremity	43660	3	1200	Block I70-I79	Y
43690	I722	I72.2 Aneurysm of renal artery	43660	3	1200	Block I70-I79	Y
43700	I723	I72.3 Aneurysm of iliac artery	43660	3	1200	Block I70-I79	Y
43710	I724	I72.4 Aneurysm of artery of lower extremity	43660	3	1200	Block I70-I79	Y
43720	I725	I72.5 Aneurysm and dissection of other precerebral arteries	43660	3	1200	Block I70-I79	Y
43730	I726	I72.6 Aneurysm and dissection of vertebral artery	43660	3	1200	Block I70-I79	Y
43740	I728	I72.8 Aneurysm of other specified arteries	43660	3	1200	Block I70-I79	Y
43750	I729	I72.9 Aneurysm of unspecified site	43660	3	1200	Block I70-I79	Y
43770	I730	I73.0 Raynaud's syndrome	43760	3	1200	Block I70-I79	Y
43780	I731	I73.1 Thromboangiitis obliterans [Buerger]	43760	3	1200	Block I70-I79	Y
43790	I738	I73.8 Other specified peripheral vascular diseases	43760	3	1200	Block I70-I79	Y
43800	I739	I73.9 Peripheral vascular disease, unspecified	43760	3	1200	Block I70-I79	Y
43820	I740	I74.0 Embolism and thrombosis of abdominal aorta	43810	3	1200	Block I70-I79	Y
43830	I741	I74.1 Embolism and thrombosis of other and unspecified parts of aorta	43810	3	1200	Block I70-I79	Y
43840	I742	I74.2 Embolism and thrombosis of arteries of the upper extremities	43810	3	1200	Block I70-I79	Y
43850	I743	I74.3 Embolism and thrombosis of arteries of the lower extremities	43810	3	1200	Block I70-I79	Y
43860	I744	I74.4 Embolism and thrombosis of arteries of extremities, unspecified	43810	3	1200	Block I70-I79	Y
43870	I745	I74.5 Embolism and thrombosis of iliac artery	43810	3	1200	Block I70-I79	Y
43880	I748	I74.8 Embolism and thrombosis of other arteries	43810	3	1200	Block I70-I79	Y
43890	I749	I74.9 Embolism and thrombosis of unspecified artery	43810	3	1200	Block I70-I79	Y
43910	I770	I77.0 Arteriovenous fistula, acquired	43900	3	1200	Block I70-I79	Y
43920	I771	I77.1 Stricture of artery	43900	3	1200	Block I70-I79	Y
43930	I772	I77.2 Rupture of artery	43900	3	1200	Block I70-I79	Y
43940	I773	I77.3 Arterial fibromuscular dysplasia	43900	3	1200	Block I70-I79	Y
43950	I774	I77.4 Coeliac artery compression syndrome	43900	3	1200	Block I70-I79	Y
43960	I775	I77.5 Necrosis of artery	43900	3	1200	Block I70-I79	Y
43970	I776	I77.6 Arteritis, unspecified	43900	3	1200	Block I70-I79	Y
43980	I778	I77.8 Other specified disorders of arteries and arterioles	43900	3	1200	Block I70-I79	Y
43990	I779	I77.9 Disorder of arteries and arterioles, unspecified	43900	3	1200	Block I70-I79	Y
44010	I780	I78.0 Hereditary haemorrhagic telangiectasia	44000	3	1200	Block I70-I79	Y
44020	I781	I78.1 Naevus, nonneoplastic	44000	3	1200	Block I70-I79	Y
44030	I788	I78.8 Other diseases of capillaries	44000	3	1200	Block I70-I79	Y
44040	I789	I78.9 Disease of capillaries, unspecified	44000	3	1200	Block I70-I79	Y
44060	I790	I79.0 Aneurysm of aorta in diseases classified elsewhere	44050	3	1200	Block I70-I79	Y
44070	I791	I79.1 Aortitis in diseases classified elsewhere	44050	3	1200	Block I70-I79	Y
44080	I792	I79.2 Peripheral angiopathy in diseases classified elsewhere	44050	3	1200	Block I70-I79	Y
44090	I798	I79.8 Other disorders of arteries, arterioles and capillaries in diseases classified elsewhere	44050	3	1200	Block I70-I79	Y
44110	I800	I80.0 Phlebitis and thrombophlebitis of superficial vessels of lower extremities	44100	3	1210	Block I80-I89	Y
44120	I801	I80.1 Phlebitis and thrombophlebitis of femoral vein	44100	3	1210	Block I80-I89	Y
44130	I802	I80.2 Phlebitis and thrombophlebitis of other deep vessels of lower extremities	44100	3	1210	Block I80-I89	Y
44140	I803	I80.3 Phlebitis and thrombophlebitis of lower extremities, unspecified	44100	3	1210	Block I80-I89	Y
44150	I808	I80.8 Phlebitis and thrombophlebitis of other sites	44100	3	1210	Block I80-I89	Y
44160	I809	I80.9 Phlebitis and thrombophlebitis of unspecified site	44100	3	1210	Block I80-I89	Y
44190	I820	I82.0 Budd-Chiari syndrome	44180	3	1210	Block I80-I89	Y
44200	I821	I82.1 Thrombophlebitis migrans	44180	3	1210	Block I80-I89	Y
44210	I822	I82.2 Embolism and thrombosis of vena cava	44180	3	1210	Block I80-I89	Y
44220	I823	I82.3 Embolism and thrombosis of renal vein	44180	3	1210	Block I80-I89	Y
44230	I828	I82.8 Embolism and thrombosis of other specified veins	44180	3	1210	Block I80-I89	Y
44240	I829	I82.9 Embolism and thrombosis of unspecified vein	44180	3	1210	Block I80-I89	Y
44260	I830	I83.0 Varicose veins of lower extremities with ulcer	44250	3	1210	Block I80-I89	Y
44270	I831	I83.1 Varicose veins of lower extremities with inflammation	44250	3	1210	Block I80-I89	Y
44280	I832	I83.2 Varicose veins of lower extremities with both ulcer and inflammation	44250	3	1210	Block I80-I89	Y
44290	I839	I83.9 Varicose veins of lower extremities without ulcer or inflammation	44250	3	1210	Block I80-I89	Y
44310	I840	I84.0 Internal thrombosed haemorrhoids	44300	3	1210	Block I80-I89	Y
44320	I841	I84.1 Internal haemorrhoids with other complications	44300	3	1210	Block I80-I89	Y
44330	I842	I84.2 Internal haemorrhoids without complication	44300	3	1210	Block I80-I89	Y
44340	I843	I84.3 External thrombosed haemorrhoids	44300	3	1210	Block I80-I89	Y
44350	I844	I84.4 External haemorrhoids with other complications	44300	3	1210	Block I80-I89	Y
44360	I845	I84.5 External haemorrhoids without complication	44300	3	1210	Block I80-I89	Y
44370	I846	I84.6 Residual haemorrhoidal skin tags	44300	3	1210	Block I80-I89	Y
44380	I847	I84.7 Unspecified thrombosed haemorrhoids	44300	3	1210	Block I80-I89	Y
44390	I848	I84.8 Unspecified haemorrhoids with other complications	44300	3	1210	Block I80-I89	Y
44400	I849	I84.9 Unspecified haemorrhoids without complication	44300	3	1210	Block I80-I89	Y
44420	I850	I85.0 Oesophageal varices with bleeding	44410	3	1210	Block I80-I89	Y
44430	I859	I85.9 Oesophageal varices without bleeding	44410	3	1210	Block I80-I89	Y
44450	I860	I86.0 Sublingual varices	44440	3	1210	Block I80-I89	Y
44460	I861	I86.1 Scrotal varices	44440	3	1210	Block I80-I89	Y
44470	I862	I86.2 Pelvic varices	44440	3	1210	Block I80-I89	Y
44480	I863	I86.3 Vulval varices	44440	3	1210	Block I80-I89	Y
44490	I864	I86.4 Gastric varices	44440	3	1210	Block I80-I89	Y
44500	I868	I86.8 Varicose veins of other specified sites	44440	3	1210	Block I80-I89	Y
44520	I870	I87.0 Postphlebitic syndrome	44510	3	1210	Block I80-I89	Y
44530	I871	I87.1 Compression of vein	44510	3	1210	Block I80-I89	Y
44540	I872	I87.2 Venous insufficiency (chronic) (peripheral)	44510	3	1210	Block I80-I89	Y
44550	I878	I87.8 Other specified disorders of veins	44510	3	1210	Block I80-I89	Y
44560	I879	I87.9 Disorder of vein, unspecified	44510	3	1210	Block I80-I89	Y
44580	I880	I88.0 Nonspecific mesenteric lymphadenitis	44570	3	1210	Block I80-I89	Y
44590	I881	I88.1 Chronic lymphadenitis, except mesenteric	44570	3	1210	Block I80-I89	Y
44600	I888	I88.8 Other nonspecific lymphadenitis	44570	3	1210	Block I80-I89	Y
44610	I889	I88.9 Nonspecific lymphadenitis, unspecified	44570	3	1210	Block I80-I89	Y
44630	I890	I89.0 Lymphoedema, not elsewhere classified	44620	3	1210	Block I80-I89	Y
44640	I891	I89.1 Lymphangitis	44620	3	1210	Block I80-I89	Y
44650	I898	I89.8 Other specified non-infective disorders of lymphatic vessels and lymph nodes	44620	3	1210	Block I80-I89	Y
44660	I899	I89.9 Non-infective disorder of lymphatic vessels and lymph nodes, unspecified	44620	3	1210	Block I80-I89	Y
44680	I950	I95.0 Idiopathic hypotension	44670	3	1220	Block I95-I99	Y
44690	I951	I95.1 Orthostatic hypotension	44670	3	1220	Block I95-I99	Y
44700	I952	I95.2 Hypotension due to drugs	44670	3	1220	Block I95-I99	Y
44710	I958	I95.8 Other hypotension	44670	3	1220	Block I95-I99	Y
44720	I959	I95.9 Hypotension, unspecified	44670	3	1220	Block I95-I99	Y
44740	I970	I97.0 Postcardiotomy syndrome	44730	3	1220	Block I95-I99	Y
44750	I971	I97.1 Other functional disturbances following cardiac surgery	44730	3	1220	Block I95-I99	Y
44760	I972	I97.2 Postmastectomy lymphoedema syndrome	44730	3	1220	Block I95-I99	Y
44770	I978	I97.8 Other postprocedural disorders of circulatory system, not elsewhere classified	44730	3	1220	Block I95-I99	Y
44780	I979	I97.9 Postprocedural disorder of circulatory system, unspecified	44730	3	1220	Block I95-I99	Y
44800	I980	I98.0 Cardiovascular syphilis	44790	3	1220	Block I95-I99	Y
44810	I981	I98.1 Cardiovascular disorders in other infectious and parasitic diseases classified elsewhere	44790	3	1220	Block I95-I99	Y
44820	I982	I98.2 Oesophageal varices in diseases classified elsewhere	44790	3	1220	Block I95-I99	Y
44830	I983	I98.3 Oesophageal varices with bleeding in diseases classified elsewhere	44790	3	1220	Block I95-I99	Y
44840	I988	I98.8 Other specified disorders of circulatory system in diseases classified elsewhere	44790	3	1220	Block I95-I99	Y
43420	I7000	I70.00 Atherosclerosis of aorta (without gangrene)	43410	4	1200	Block I70-I79	Y
43430	I7001	I70.01 Atherosclerosis of aorta (with gangrene)	43410	4	1200	Block I70-I79	Y
43450	I7010	I70.10 Atherosclerosis of renal artery (without gangrene)	43440	4	1200	Block I70-I79	Y
43460	I7011	I70.11 Atherosclerosis of renal artery (with gangrene)	43440	4	1200	Block I70-I79	Y
43480	I7020	I70.20 Atherosclerosis of arteries of extremities (without gangrene)	43470	4	1200	Block I70-I79	Y
43490	I7021	I70.21 Atherosclerosis of arteries of extremities (with gangrene)	43470	4	1200	Block I70-I79	Y
43510	I7080	I70.80 Atherosclerosis of other arteries (without gangrene)	43500	4	1200	Block I70-I79	Y
43520	I7081	I70.81 Atherosclerosis of other arteries (with gangrene)	43500	4	1200	Block I70-I79	Y
43540	I7090	I70.90 Generalized and unspecified atherosclerosis (without gangrene)	43530	4	1200	Block I70-I79	Y
43550	I7091	I70.91 Generalized and unspecified atherosclerosis (with gangrene)	43530	4	1200	Block I70-I79	Y
